url,slug,titulo,status,autor,publicado,atualizado,tags,meta_title,meta_description,h1,n_h2,palavras,intencao,pilar_tese,links_internos_blog,cta,case_prova,canibaliza_com,classificacao,motivo
https://blog.sistemabritto.com.br/o-que-e-um-agente-de-ia-no-whatsapp-e-como-ele-escala-seu-atendimento-sem-aumentar-a-equipe/,o-que-e-um-agente-de-ia-no-whatsapp-e-como-ele-escala-seu-atendimento-sem-aumentar-a-equipe,O que é um Agente de IA no WhatsApp e Como Ele Escala Seu Atendimento Sem Aumentar a Equipe,published,Felipe Britto,2025-11-17,2026-07-27,(sem tag),nao,nao,O que é um Agente de IA no WhatsApp e Como Ele Escala Seu Atendimento Sem Aumentar a Equipe,8,775,TOFU/MOFU,VIBE CODAR,0,(sem CTA de oferta),nao,,UPDATE,"artigo curto (<800w), sem profundidade para sustentar autoridade"
https://blog.sistemabritto.com.br/como-refiz-nosso-site-em-1-dia-com-hermes-agent-e-atingi-99-de-performance/,como-refiz-nosso-site-em-1-dia-com-hermes-agent-e-atingi-99-de-performance,Como Refiz Nosso Site em 1 Dia com Hermes Agent e Atingi 99% de Performance,published,Felipe Britto,2026-05-13,2026-07-27,(sem tag),nao,nao,Como Refiz Nosso Site em 1 Dia com Hermes Agent e Atingi 99% de Performance,6,380,MOFU,FERRAMENTA/TOPO,0,/hermes,nao,,UPDATE,"artigo curto (<800w), sem profundidade para sustentar autoridade"
https://blog.sistemabritto.com.br/ia-open-source-vs-api-proprietaria/,ia-open-source-vs-api-proprietaria,IA open source vale a pena? O que muda para empresas que usam automação,published,Felipe Britto,2026-06-14,2026-07-27,"ia,open-source,automacao,whatsapp,evolution-api",sim,sim,IA open source vale a pena? O que muda para empresas que usam automação,13,1760,TOFU/MOFU,VIBE CODAR,0,/whatsapp,nao,,UPDATE,reposicionar para a tese e adicionar prova/links internos
https://blog.sistemabritto.com.br/resposta-automatica-no-whatsapp-como-configurar-sem-parecer-robo/,resposta-automatica-no-whatsapp-como-configurar-sem-parecer-robo,Resposta automática no WhatsApp: como configurar sem parecer robô,published,Felipe Britto,2026-07-26,2026-07-27,"whatsapp,agentes-de-ia,atendimento,automacao",nao,sim,Resposta automática no WhatsApp: como configurar sem parecer robô,6,1479,TOFU,VIBE CODAR,0,/whatsapp,nao,,UPDATE,reposicionar para a tese e adicionar prova/links internos
https://blog.sistemabritto.com.br/qual-e-o-melhor-horario-para-postar-no-instagram-em-2026-2/,qual-e-o-melhor-horario-para-postar-no-instagram-em-2026-2,Qual é o melhor horário para postar no Instagram em 2026?,published,Felipe Britto,2026-07-26,2026-07-27,(sem tag),nao,nao,Qual é o melhor horário para postar no Instagram em 2026?,12,920,MOFU/BOFU,RASTREAR,0,/socialjobs,nao,,UPDATE,reposicionar para a tese e adicionar prova/links internos
https://blog.sistemabritto.com.br/sistema-de-whatsapp-para-empresas-vale-a-pena-em-2026/,sistema-de-whatsapp-para-empresas-vale-a-pena-em-2026,Sistema de WhatsApp para Empresas: Vale a Pena em 2026?,published,Felipe Britto,2026-07-27,2026-07-27,(sem tag),nao,nao,Sistema de WhatsApp para Empresas: Vale a Pena em 2026?,12,992,TOFU/MOFU,RASTREAR,0,/whatsapp,nao,,UPDATE,reposicionar para a tese e adicionar prova/links internos
https://blog.sistemabritto.com.br/como-colocar-mensagem-automatica-no-whatsapp-business-em-2026/,como-colocar-mensagem-automatica-no-whatsapp-business-em-2026,Como colocar mensagem automática no WhatsApp Business em 2026,published,Felipe Britto,2026-07-27,2026-07-27,(sem tag),nao,nao,Como colocar mensagem automática no WhatsApp Business em 2026,11,716,MOFU,FERRAMENTA/TOPO,0,/whatsapp,nao,,UPDATE,"artigo curto (<800w), sem profundidade para sustentar autoridade"
https://blog.sistemabritto.com.br/como-fazer-automacao-de-whatsapp-em-2026-e-vender-mais-sem-aumentar-a-equipe/,como-fazer-automacao-de-whatsapp-em-2026-e-vender-mais-sem-aumentar-a-equipe,Como fazer automação de WhatsApp em 2026 e vender mais sem aumentar a equipe?,published,Felipe Britto,2026-07-28,2026-07-28,(sem tag),nao,nao,Como fazer automação de WhatsApp em 2026 e vender mais sem aumentar a equipe?,11,791,MOFU,RASTREAR,0,/whatsapp,nao,,UPDATE,"artigo curto (<800w), sem profundidade para sustentar autoridade"
https://blog.sistemabritto.com.br/como-usar-trafego-pago-no-instagram-para-gerar-vendas-em-2026/,como-usar-trafego-pago-no-instagram-para-gerar-vendas-em-2026,Como usar tráfego pago no Instagram para gerar vendas em 2026?,published,Felipe Britto,2026-07-28,2026-07-28,(sem tag),nao,nao,Como usar tráfego pago no Instagram para gerar vendas em 2026?,10,701,MOFU,RASTREAR,0,/socialjobs,nao,,UPDATE,"artigo curto (<800w), sem profundidade para sustentar autoridade"
https://blog.sistemabritto.com.br/plataformas-de-agentes-de-ia-realmente-substituem-funcionarios-em-2026/,plataformas-de-agentes-de-ia-realmente-substituem-funcionarios-em-2026,Plataformas de agentes de IA realmente substituem funcionários em 2026?,published,Felipe Britto,2026-07-28,2026-07-28,(sem tag),nao,nao,Plataformas de agentes de IA realmente substituem funcionários em 2026?,11,870,TOFU/MOFU,VIBE CODAR,0,/sistema,nao,,UPDATE,reposicionar para a tese e adicionar prova/links internos
https://blog.sistemabritto.com.br/software-para-envio-de-whatsapp-em-massa-gratis-realmente-funciona-em-2026/,software-para-envio-de-whatsapp-em-massa-gratis-realmente-funciona-em-2026,Software para envio de whatsapp em massa grátis realmente funciona em 2026?,published,Felipe Britto,2026-07-29,2026-07-29,(sem tag),nao,nao,Software para envio de whatsapp em massa grátis realmente funciona em 2026?,8,807,TOFU/MOFU,RASTREAR,0,/whatsapp,nao,,UPDATE,reposicionar para a tese e adicionar prova/links internos
https://blog.sistemabritto.com.br/como-criar-uma-pagina-de-vendas-de-alta-conversao-que-realmente-fecha-clientes-em-2026/,como-criar-uma-pagina-de-vendas-de-alta-conversao-que-realmente-fecha-clientes-em-2026,Como criar uma página de vendas de alta conversão que realmente fecha clientes em 2026?,published,Felipe Britto,2026-07-29,2026-07-29,(sem tag),nao,nao,Como criar uma página de vendas de alta conversão que realmente fecha clientes em 2026?,12,1020,TOFU/MOFU,MONETIZAR,0,/sistema,nao,,UPDATE,reposicionar para a tese e adicionar prova/links internos
https://blog.sistemabritto.com.br/quanto-custa-o-whatsapp-business-api-em-2026-preco-completo-e-como-calcular/,quanto-custa-o-whatsapp-business-api-em-2026-preco-completo-e-como-calcular,Quanto custa o WhatsApp Business API em 2026? Preço completo e como calcular,published,Felipe Britto,2026-07-29,2026-07-29,(sem tag),nao,nao,Quanto custa o WhatsApp Business API em 2026? Preço completo e como calcular,11,864,MOFU/BOFU,FERRAMENTA/TOPO,0,/whatsapp,nao,,UPDATE,reposicionar para a tese e adicionar prova/links internos
https://blog.sistemabritto.com.br/como-enviar-mensagem-em-massa-no-whatsapp-business-gratis-em-2026/,como-enviar-mensagem-em-massa-no-whatsapp-business-gratis-em-2026,Como enviar mensagem em massa no WhatsApp Business grátis em 2026,published,Felipe Britto,2026-07-30,2026-07-30,(sem tag),nao,nao,Como enviar mensagem em massa no WhatsApp Business grátis em 2026,13,802,MOFU,FERRAMENTA/TOPO,0,/whatsapp,nao,,UPDATE,reposicionar para a tese e adicionar prova/links internos
https://blog.sistemabritto.com.br/como-gerar-mais-leads-de-vendas-com-automacao-e-ia-em-2026/,como-gerar-mais-leads-de-vendas-com-automacao-e-ia-em-2026,Como gerar mais leads de vendas com automação e IA em 2026?,published,Felipe Britto,2026-07-30,2026-07-30,(sem tag),nao,nao,Como gerar mais leads de vendas com automação e IA em 2026?,10,1017,MOFU,RASTREAR,0,/sistema,nao,,UPDATE,reposicionar para a tese e adicionar prova/links internos
https://blog.sistemabritto.com.br/como-criar-um-bot-para-whatsapp-que-realmente-fecha-vendas-em-2026/,como-criar-um-bot-para-whatsapp-que-realmente-fecha-vendas-em-2026,Como criar um bot para WhatsApp que realmente fecha vendas em 2026?,published,Felipe Britto,2026-07-31,2026-07-31,(sem tag),nao,nao,Como criar um bot para WhatsApp que realmente fecha vendas em 2026?,12,1036,TOFU/MOFU,FERRAMENTA/TOPO,0,/whatsapp,nao,,UPDATE,reposicionar para a tese e adicionar prova/links internos
https://blog.sistemabritto.com.br/o-que-e-crm-de-vendas-e-por-que-ele-decide-se-sua-empresa-vende-mais-ou-menos-em-2026/,o-que-e-crm-de-vendas-e-por-que-ele-decide-se-sua-empresa-vende-mais-ou-menos-em-2026,O que é CRM de vendas e por que ele decide se sua empresa vende mais ou menos em 2026,published,Felipe Britto,2026-07-31,2026-07-31,(sem tag),nao,nao,O que é CRM de vendas e por que ele decide se sua empresa vende mais ou menos em 2026,12,880,TOFU/MOFU,RASTREAR,0,/sistema,nao,,UPDATE,reposicionar para a tese e adicionar prova/links internos
https://blog.sistemabritto.com.br/api-whatsapp-mais-barato-qual-realmente-compensa-em-2026/,api-whatsapp-mais-barato-qual-realmente-compensa-em-2026,API WhatsApp mais barato: qual realmente compensa em 2026?,published,Felipe Britto,2026-07-31,2026-07-31,(sem tag),nao,nao,API WhatsApp mais barato: qual realmente compensa em 2026?,10,942,TOFU/MOFU,RASTREAR,0,/whatsapp,nao,,UPDATE,reposicionar para a tese e adicionar prova/links internos
https://blog.sistemabritto.com.br/api-oficial-whatsapp-meta-como-donos-de-empresa-podem-usar-sem-depender-de-gambiarras/,api-oficial-whatsapp-meta-como-donos-de-empresa-podem-usar-sem-depender-de-gambiarras,API oficial WhatsApp Meta: como donos de empresa podem usar sem depender de gambiarras?,published,Felipe Britto,2026-08-02,2026-08-02,(sem tag),nao,nao,API oficial WhatsApp Meta: como donos de empresa podem usar sem depender de gambiarras?,10,1662,TOFU,VIBE CODAR,0,/whatsapp,nao,,UPDATE,reposicionar para a tese e adicionar prova/links internos
https://blog.sistemabritto.com.br/extensao-de-disparo-whatsapp-gratis-serve-para-donos-de-empresa-ou-so-complica-a-operacao/,extensao-de-disparo-whatsapp-gratis-serve-para-donos-de-empresa-ou-so-complica-a-operacao,Extensão de disparo WhatsApp grátis serve para donos de empresa ou só complica a operação?,published,Felipe Britto,2026-08-02,2026-08-02,(sem tag),nao,nao,Extensão de disparo WhatsApp grátis serve para donos de empresa ou só complica a operação?,9,1701,TOFU,FERRAMENTA/TOPO,0,/whatsapp,nao,,UPDATE,reposicionar para a tese e adicionar prova/links internos
https://blog.sistemabritto.com.br/como-automatizar-o-whatsapp-de-graca-em-2026-sem-virar-refem-de-ferramenta/,como-automatizar-o-whatsapp-de-graca-em-2026-sem-virar-refem-de-ferramenta,"Como automatizar o WhatsApp de graça em 2026, sem virar refém de ferramenta?",published,Felipe Britto,2026-08-02,2026-08-02,(sem tag),nao,nao,"Como automatizar o WhatsApp de graça em 2026, sem virar refém de ferramenta?",8,1501,MOFU,FERRAMENTA/TOPO,0,/whatsapp,nao,como-automatizar-vendas-pelo-whatsapp-sem-virar-refem-de-atendimento-manual,UPDATE,sobreposição de intenção com como-automatizar-vendas-pelo-whatsapp-sem-virar-refem-de-atendimento-manual; diferenciar ângulo
https://blog.sistemabritto.com.br/como-automatizar-o-whatsapp-de-graca-em-2026-sem-depender-de-agencia-ou-programador/,como-automatizar-o-whatsapp-de-graca-em-2026-sem-depender-de-agencia-ou-programador,Como automatizar o WhatsApp de graça em 2026 sem depender de agência ou programador?,published,Felipe Britto,2026-08-02,2026-08-02,(sem tag),nao,nao,Como automatizar o WhatsApp de graça em 2026 sem depender de agência ou programador?,8,1566,MOFU,FERRAMENTA/TOPO,0,/whatsapp,nao,,MERGE,fundir no canônico como-automatizar-o-whatsapp-de-graca-em-2026-sem-virar-refem-de-ferramenta e 301
https://blog.sistemabritto.com.br/como-criar-mensagens-de-saudacao-para-whatsapp-business-que-geram-resposta-e-venda/,como-criar-mensagens-de-saudacao-para-whatsapp-business-que-geram-resposta-e-venda,Como criar mensagens de saudação para WhatsApp Business que geram resposta e venda?,published,Felipe Britto,2026-08-04,2026-08-04,(sem tag),nao,nao,Como criar mensagens de saudação para WhatsApp Business que geram resposta e venda?,8,1887,MOFU,FERRAMENTA/TOPO,0,/whatsapp,nao,,UPDATE,reposicionar para a tese e adicionar prova/links internos
https://blog.sistemabritto.com.br/respostas-rapidas-whatsapp-business-exemplos-quais-usar-para-nao-perder-vendas/,respostas-rapidas-whatsapp-business-exemplos-quais-usar-para-nao-perder-vendas,Respostas rápidas WhatsApp Business exemplos: quais usar para não perder vendas?,published,Felipe Britto,2026-08-04,2026-08-04,(sem tag),nao,nao,Respostas rápidas WhatsApp Business exemplos: quais usar para não perder vendas?,11,2158,TOFU,FERRAMENTA/TOPO,0,/whatsapp,nao,,UPDATE,reposicionar para a tese e adicionar prova/links internos
https://blog.sistemabritto.com.br/crm-integrado-ao-whatsapp-vale-a-pena-para-donos-de-empresa-em-2026/,crm-integrado-ao-whatsapp-vale-a-pena-para-donos-de-empresa-em-2026,CRM integrado ao WhatsApp: vale a pena para donos de empresa em 2026?,published,Felipe Britto,2026-08-04,2026-08-04,(sem tag),nao,nao,CRM integrado ao WhatsApp: vale a pena para donos de empresa em 2026?,13,1636,TOFU/MOFU,VIBE CODAR,0,/whatsapp,nao,,UPDATE,reposicionar para a tese e adicionar prova/links internos
https://blog.sistemabritto.com.br/whatsapp-business-quais-sao-as-vantagens-e-desvantagens-para-uma-empresa/,whatsapp-business-quais-sao-as-vantagens-e-desvantagens-para-uma-empresa,WhatsApp Business: quais são as vantagens e desvantagens para uma empresa?,published,Felipe Britto,2026-08-05,2026-08-05,(sem tag),nao,nao,WhatsApp Business: quais são as vantagens e desvantagens para uma empresa?,7,1057,TOFU,FERRAMENTA/TOPO,0,/whatsapp,nao,,UPDATE,reposicionar para a tese e adicionar prova/links internos
https://blog.sistemabritto.com.br/whatsapp-business-premium-valor-quanto-custa-e-como-decidir-se-vale-para-sua-operacao/,whatsapp-business-premium-valor-quanto-custa-e-como-decidir-se-vale-para-sua-operacao,whatsapp business premium valor: quanto custa e como decidir se vale para sua operação?,published,Felipe Britto,2026-08-05,2026-08-05,(sem tag),nao,nao,whatsapp business premium valor: quanto custa e como decidir se vale para sua operação?,7,1034,MOFU/BOFU,FERRAMENTA/TOPO,0,/whatsapp,nao,,UPDATE,reposicionar para a tese e adicionar prova/links internos
https://blog.sistemabritto.com.br/atendimento-automatizado-whatsapp-gratis-funciona-para-sua-empresa/,atendimento-automatizado-whatsapp-gratis-funciona-para-sua-empresa,Atendimento automatizado WhatsApp grátis funciona para sua empresa?,published,Felipe Britto,2026-08-05,2026-08-05,(sem tag),nao,nao,Atendimento automatizado WhatsApp grátis funciona para sua empresa?,7,712,TOFU,RASTREAR,0,/whatsapp,nao,,UPDATE,"artigo curto (<800w), sem profundidade para sustentar autoridade"
https://blog.sistemabritto.com.br/agentes-de-ia-para-vendas-valem-a-pena-para-sua-operacao-comercial/,agentes-de-ia-para-vendas-valem-a-pena-para-sua-operacao-comercial,Agentes de ia para vendas valem a pena para sua operação comercial?,published,Felipe Britto,2026-08-11,2026-08-11,(sem tag),nao,nao,Agentes de ia para vendas valem a pena para sua operação comercial?,8,929,TOFU,VIBE CODAR,0,/sistema,nao,,UPDATE,reposicionar para a tese e adicionar prova/links internos
https://blog.sistemabritto.com.br/como-responder-clientes-com-ia-sem-travar-o-atendimento-e-sem-parecer-robo/,como-responder-clientes-com-ia-sem-travar-o-atendimento-e-sem-parecer-robo,Como responder clientes com ia sem travar o atendimento e sem parecer robô?,published,Felipe Britto,2026-08-11,2026-08-11,(sem tag),nao,nao,Como responder clientes com ia sem travar o atendimento e sem parecer robô?,8,1147,MOFU,VIBE CODAR,0,/sistema,nao,,UPDATE,reposicionar para a tese e adicionar prova/links internos
https://blog.sistemabritto.com.br/como-criar-conteudo-diario-com-ia-sem-travar-a-operacao-da-sua-empresa/,como-criar-conteudo-diario-com-ia-sem-travar-a-operacao-da-sua-empresa,Como criar conteúdo diário com ia sem travar a operação da sua empresa?,published,Felipe Britto,2026-08-12,2026-08-12,(sem tag),nao,nao,Como criar conteúdo diário com ia sem travar a operação da sua empresa?,9,1164,MOFU,RASTREAR,0,/socialjobs,nao,,UPDATE,reposicionar para a tese e adicionar prova/links internos
https://blog.sistemabritto.com.br/ia-para-redes-sociais-funciona-de-verdade-para-empresas-que-precisam-de-volume-e-consistencia/,ia-para-redes-sociais-funciona-de-verdade-para-empresas-que-precisam-de-volume-e-consistencia,IA para redes sociais funciona de verdade para empresas que precisam de volume e consistência?,published,Felipe Britto,2026-08-12,2026-08-12,(sem tag),nao,nao,IA para redes sociais funciona de verdade para empresas que precisam de volume e consistência?,7,917,TOFU,RASTREAR,0,/socialjobs,nao,,UPDATE,reposicionar para a tese e adicionar prova/links internos
https://blog.sistemabritto.com.br/como-a-personalizacao-automatica-de-mensagens-funciona-na-pratica/,como-a-personalizacao-automatica-de-mensagens-funciona-na-pratica,Como a personalização automática de mensagens funciona na prática?,published,Felipe Britto,2026-08-12,2026-08-12,(sem tag),nao,nao,Como a personalização automática de mensagens funciona na prática?,11,858,MOFU,RASTREAR,0,/sistema,nao,,UPDATE,reposicionar para a tese e adicionar prova/links internos
https://blog.sistemabritto.com.br/como-fazer-lead-qualification-with-whatsapp-sem-perder-tempo-com-lead-frio/,como-fazer-lead-qualification-with-whatsapp-sem-perder-tempo-com-lead-frio,Como fazer lead qualification with whatsapp sem perder tempo com lead frio?,published,Felipe Britto,2026-08-13,2026-08-13,(sem tag),nao,nao,Como fazer lead qualification with whatsapp sem perder tempo com lead frio?,9,1091,MOFU/BOFU,RASTREAR,0,/whatsapp,nao,,UPDATE,reposicionar para a tese e adicionar prova/links internos
https://blog.sistemabritto.com.br/como-usar-crm-com-pontuacao-de-leads-para-priorizar-vendas-sem-perder-tempo/,como-usar-crm-com-pontuacao-de-leads-para-priorizar-vendas-sem-perder-tempo,Como usar CRM com pontuação de leads para priorizar vendas sem perder tempo?,published,Felipe Britto,2026-08-13,2026-08-13,(sem tag),nao,nao,Como usar CRM com pontuação de leads para priorizar vendas sem perder tempo?,9,1112,MOFU,RASTREAR,0,/sistema,nao,,UPDATE,reposicionar para a tese e adicionar prova/links internos
https://blog.sistemabritto.com.br/como-criar-posts-com-ia-sem-soar-robotico-e-sem-perder-voz-de-marca/,como-criar-posts-com-ia-sem-soar-robotico-e-sem-perder-voz-de-marca,Como criar posts com ia sem soar robótico e sem perder voz de marca?,published,Felipe Britto,2026-08-13,2026-08-13,(sem tag),nao,nao,Como criar posts com ia sem soar robótico e sem perder voz de marca?,7,1562,MOFU,RASTREAR,0,/socialjobs,nao,,UPDATE,reposicionar para a tese e adicionar prova/links internos
https://blog.sistemabritto.com.br/como-criar-um-roteiro-de-videos-com-ia-sem-perder-voz-foco-e-ritmo/,como-criar-um-roteiro-de-videos-com-ia-sem-perder-voz-foco-e-ritmo,"Como criar um roteiro de vídeos com IA sem perder voz, foco e ritmo?",published,Felipe Britto,2026-08-14,2026-08-14,(sem tag),nao,nao,"Como criar um roteiro de vídeos com IA sem perder voz, foco e ritmo?",7,1194,MOFU,VIBE CODAR,0,/sistema,nao,,UPDATE,reposicionar para a tese e adicionar prova/links internos
https://blog.sistemabritto.com.br/como-aplicar-automacao-comercial-para-pequenas-empresas-sem-travar-a-operacao/,como-aplicar-automacao-comercial-para-pequenas-empresas-sem-travar-a-operacao,Como aplicar automação comercial para pequenas empresas sem travar a operação?,published,Felipe Britto,2026-08-14,2026-08-14,(sem tag),nao,nao,Como aplicar automação comercial para pequenas empresas sem travar a operação?,7,873,MOFU,FERRAMENTA/TOPO,0,/sistema,nao,,UPDATE,reposicionar para a tese e adicionar prova/links internos
https://blog.sistemabritto.com.br/como-usar-ia-para-reduzir-retrabalho-na-sua-empresa-sem-mexer-no-que-ja-funciona/,como-usar-ia-para-reduzir-retrabalho-na-sua-empresa-sem-mexer-no-que-ja-funciona,Como usar ia para reduzir retrabalho na sua empresa sem mexer no que já funciona?,published,Felipe Britto,2026-08-14,2026-08-14,(sem tag),nao,nao,Como usar ia para reduzir retrabalho na sua empresa sem mexer no que já funciona?,7,1073,MOFU,FERRAMENTA/TOPO,0,/sistema,nao,,UPDATE,reposicionar para a tese e adicionar prova/links internos
https://blog.sistemabritto.com.br/como-reduzir-custo-de-atendimento-sem-perder-vendas-usando-ia-na-operacao/,como-reduzir-custo-de-atendimento-sem-perder-vendas-usando-ia-na-operacao,Como reduzir custo de atendimento sem perder vendas usando IA na operação,published,Felipe Britto,2026-08-15,2026-08-15,(sem tag),nao,nao,Como reduzir custo de atendimento sem perder vendas usando IA na operação,8,2023,MOFU,RASTREAR,0,/whatsapp,nao,,UPDATE,reposicionar para a tese e adicionar prova/links internos
https://blog.sistemabritto.com.br/como-usar-segmentacao-de-leads-com-ia-para-parar-de-queimar-midia-e-tempo-em-2026/,como-usar-segmentacao-de-leads-com-ia-para-parar-de-queimar-midia-e-tempo-em-2026,Como usar segmentação de leads com IA para parar de queimar mídia e tempo em 2026?,published,Felipe Britto,2026-08-15,2026-08-15,(sem tag),nao,nao,Como usar segmentação de leads com IA para parar de queimar mídia e tempo em 2026?,9,1863,MOFU,VIBE CODAR,0,/sistema,nao,,UPDATE,reposicionar para a tese e adicionar prova/links internos
https://blog.sistemabritto.com.br/api-para-automacao-de-negocios-como-donos-de-empresa-usam-ia-para-operar-sem-apagar-incendio-o-dia-inteiro/,api-para-automacao-de-negocios-como-donos-de-empresa-usam-ia-para-operar-sem-apagar-incendio-o-dia-inteiro,API para automação de negócios: como donos de empresa usam IA para operar sem apagar incêndio o dia inteiro?,published,Felipe Britto,2026-08-15,2026-08-15,(sem tag),nao,nao,API para automação de negócios: como donos de empresa usam IA para operar sem apagar incêndio o dia inteiro?,11,1852,TOFU,VIBE CODAR,0,/sistema,nao,,UPDATE,reposicionar para a tese e adicionar prova/links internos
https://blog.sistemabritto.com.br/como-fazer-e-mail-marketing-personalizado-que-vende-sem-parecer-automatico-2/,como-fazer-e-mail-marketing-personalizado-que-vende-sem-parecer-automatico-2,Como fazer e mail marketing personalizado que vende sem parecer automático?,published,Felipe Britto,2026-08-16,2026-08-16,(sem tag),nao,nao,Como fazer e mail marketing personalizado que vende sem parecer automático?,9,1366,MOFU,RASTREAR,0,/sistema,nao,como-fazer-e-mail-marketing-personalizado-que-vende-sem-parecer-automatico,MERGE,fundir no canônico como-fazer-e-mail-marketing-personalizado-que-vende-sem-parecer-automatico e 301
https://blog.sistemabritto.com.br/como-fazer-e-mail-marketing-personalizado-que-vende-sem-parecer-automatico/,como-fazer-e-mail-marketing-personalizado-que-vende-sem-parecer-automatico,Como fazer e mail marketing personalizado que vende sem parecer automático?,published,Felipe Britto,2026-08-16,2026-08-16,(sem tag),nao,nao,Como fazer e mail marketing personalizado que vende sem parecer automático?,8,1110,MOFU,RASTREAR,0,/sistema,nao,como-fazer-e-mail-marketing-personalizado-que-vende-sem-parecer-automatico-2,UPDATE,sobreposição de intenção com como-fazer-e-mail-marketing-personalizado-que-vende-sem-parecer-automatico-2; diferenciar ângulo
https://blog.sistemabritto.com.br/make-e-zapier-para-empresas-qual-vale-mais-a-pena-para-automatizar-processos-em-2026/,make-e-zapier-para-empresas-qual-vale-mais-a-pena-para-automatizar-processos-em-2026,Make e Zapier para empresas: qual vale mais a pena para automatizar processos em 2026?,published,Felipe Britto,2026-08-16,2026-08-16,(sem tag),nao,nao,Make e Zapier para empresas: qual vale mais a pena para automatizar processos em 2026?,9,1094,MOFU/BOFU,FERRAMENTA/TOPO,0,/sistema,nao,make-e-zapier-para-empresas-qual-escolher-para-automatizar-seu-negocio-em-2026,MERGE,fundir no canônico make-e-zapier-para-empresas-qual-escolher-para-automatizar-seu-negocio-em-2026 e 301
https://blog.sistemabritto.com.br/make-e-zapier-para-empresas-qual-escolher-para-automatizar-seu-negocio-em-2026/,make-e-zapier-para-empresas-qual-escolher-para-automatizar-seu-negocio-em-2026,Make e Zapier para empresas: qual escolher para automatizar seu negócio em 2026?,published,Felipe Britto,2026-08-16,2026-08-16,(sem tag),nao,nao,Make e Zapier para empresas: qual escolher para automatizar seu negócio em 2026?,9,2116,MOFU/BOFU,FERRAMENTA/TOPO,0,/sistema,nao,make-e-zapier-para-empresas-qual-vale-mais-a-pena-para-automatizar-processos-em-2026,UPDATE,sobreposição de intenção com make-e-zapier-para-empresas-qual-vale-mais-a-pena-para-automatizar-processos-em-2026; diferenciar ângulo
https://blog.sistemabritto.com.br/como-agendar-post-no-instagram-pelo-pc-em-2026-sem-depender-do-celular/,como-agendar-post-no-instagram-pelo-pc-em-2026-sem-depender-do-celular,Como agendar post no Instagram pelo PC em 2026 sem depender do celular?,published,Felipe Britto,2026-08-17,2026-08-17,(sem tag),nao,nao,Como agendar post no Instagram pelo PC em 2026 sem depender do celular?,8,1645,MOFU,FERRAMENTA/TOPO,0,/socialjobs,nao,como-agendar-post-no-instagram-pelo-pc-em-2026-passo-a-passo-sem-gambiarra,UPDATE,sobreposição de intenção com como-agendar-post-no-instagram-pelo-pc-em-2026-passo-a-passo-sem-gambiarra; diferenciar ângulo
https://blog.sistemabritto.com.br/como-agendar-post-no-instagram-pelo-pc-em-2026-passo-a-passo-sem-gambiarra/,como-agendar-post-no-instagram-pelo-pc-em-2026-passo-a-passo-sem-gambiarra,"Como agendar post no Instagram pelo PC em 2026, passo a passo sem gambiarra",published,Felipe Britto,2026-08-17,2026-08-17,(sem tag),nao,nao,"Como agendar post no Instagram pelo PC em 2026, passo a passo sem gambiarra",8,1380,MOFU,RASTREAR,0,/socialjobs,nao,como-agendar-post-no-instagram-pelo-pc-em-2026-sem-depender-do-celular,MERGE,fundir no canônico como-agendar-post-no-instagram-pelo-pc-em-2026-sem-depender-do-celular e 301
https://blog.sistemabritto.com.br/funil-de-vendas-marketing-digital-como-usar-ia-para-vender-mais-em-2026-sem-aumentar-midia/,funil-de-vendas-marketing-digital-como-usar-ia-para-vender-mais-em-2026-sem-aumentar-midia,Funil de vendas marketing digital: como usar IA para vender mais em 2026 sem aumentar mídia,published,Felipe Britto,2026-08-17,2026-08-17,(sem tag),nao,nao,Funil de vendas marketing digital: como usar IA para vender mais em 2026 sem aumentar mídia,11,1654,TOFU,RASTREAR,0,/sistema,nao,funil-de-vendas-marketing-digital-como-usar-ia-para-fechar-mais-sem-aumentar-a-equipe,UPDATE,sobreposição de intenção com funil-de-vendas-marketing-digital-como-usar-ia-para-fechar-mais-sem-aumentar-a-equipe; diferenciar ângulo
https://blog.sistemabritto.com.br/como-criar-funil-de-vendas-gratis-que-realmente-traz-leads-qualificados-em-2026/,como-criar-funil-de-vendas-gratis-que-realmente-traz-leads-qualificados-em-2026,Como criar funil de vendas grátis que realmente traz leads qualificados em 2026?,published,Felipe Britto,2026-08-18,2026-08-18,(sem tag),nao,nao,Como criar funil de vendas grátis que realmente traz leads qualificados em 2026?,12,1692,TOFU/MOFU,VIBE CODAR,0,/sistema,nao,,UPDATE,reposicionar para a tese e adicionar prova/links internos
https://blog.sistemabritto.com.br/como-automatizar-vendas-pelo-whatsapp-sem-virar-refem-de-atendimento-manual/,como-automatizar-vendas-pelo-whatsapp-sem-virar-refem-de-atendimento-manual,Como automatizar vendas pelo WhatsApp sem virar refém de atendimento manual?,published,Felipe Britto,2026-08-18,2026-08-18,(sem tag),nao,nao,Como automatizar vendas pelo WhatsApp sem virar refém de atendimento manual?,11,1514,MOFU,RASTREAR,0,/whatsapp,nao,como-automatizar-o-whatsapp-de-graca-em-2026-sem-virar-refem-de-ferramenta,UPDATE,sobreposição de intenção com como-automatizar-o-whatsapp-de-graca-em-2026-sem-virar-refem-de-ferramenta; diferenciar ângulo
https://blog.sistemabritto.com.br/quais-estrategias-de-vendas-automatizadas-via-whatsapp-realmente-geram-resultado-em-2026/,quais-estrategias-de-vendas-automatizadas-via-whatsapp-realmente-geram-resultado-em-2026,Quais estratégias de vendas automatizadas via WhatsApp realmente geram resultado em 2026?,published,Felipe Britto,2026-08-19,2026-08-19,(sem tag),nao,nao,Quais estratégias de vendas automatizadas via WhatsApp realmente geram resultado em 2026?,9,1966,TOFU/MOFU,VIBE CODAR,0,/whatsapp,nao,,UPDATE,reposicionar para a tese e adicionar prova/links internos
https://blog.sistemabritto.com.br/como-automatizar-qualificacao-de-leads-com-ia-sem-perder-controle-do-funil/,como-automatizar-qualificacao-de-leads-com-ia-sem-perder-controle-do-funil,Como automatizar qualificação de leads com IA sem perder controle do funil?,published,Felipe Britto,2026-08-19,2026-08-19,(sem tag),nao,nao,Como automatizar qualificação de leads com IA sem perder controle do funil?,8,1833,MOFU/BOFU,RASTREAR,0,/sistema,nao,,UPDATE,reposicionar para a tese e adicionar prova/links internos
https://blog.sistemabritto.com.br/como-qualificar-leads-pelo-whatsapp-sem-perder-tempo-respondendo-curioso/,como-qualificar-leads-pelo-whatsapp-sem-perder-tempo-respondendo-curioso,Como qualificar leads pelo WhatsApp sem perder tempo respondendo curioso,published,Felipe Britto,2026-08-20,2026-08-20,(sem tag),nao,nao,Como qualificar leads pelo WhatsApp sem perder tempo respondendo curioso,9,1934,MOFU/BOFU,RASTREAR,0,/whatsapp,nao,,UPDATE,reposicionar para a tese e adicionar prova/links internos
https://blog.sistemabritto.com.br/como-automatizar-respostas-frequentes-no-whatsapp-sem-perder-controle-do-atendimento/,como-automatizar-respostas-frequentes-no-whatsapp-sem-perder-controle-do-atendimento,Como automatizar respostas frequentes no WhatsApp sem perder controle do atendimento?,published,Felipe Britto,2026-08-20,2026-08-20,(sem tag),nao,nao,Como automatizar respostas frequentes no WhatsApp sem perder controle do atendimento?,9,1978,MOFU,VIBE CODAR,0,/whatsapp,nao,,UPDATE,reposicionar para a tese e adicionar prova/links internos
https://blog.sistemabritto.com.br/como-escalar-atendimento-sem-contratar-usando-automacao-com-ia-na-pratica/,como-escalar-atendimento-sem-contratar-usando-automacao-com-ia-na-pratica,Como escalar atendimento sem contratar usando automação com IA na prática,published,Felipe Britto,2026-08-20,2026-08-20,(sem tag),nao,nao,Como escalar atendimento sem contratar usando automação com IA na prática,13,1787,MOFU,RASTREAR,0,/whatsapp,nao,,UPDATE,reposicionar para a tese e adicionar prova/links internos
https://blog.sistemabritto.com.br/como-reduzir-custo-de-suporte-com-chatbot-sem-perder-qualidade-em-2026/,como-reduzir-custo-de-suporte-com-chatbot-sem-perder-qualidade-em-2026,Como reduzir custo de suporte com chatbot sem perder qualidade em 2026?,published,Felipe Britto,2026-08-21,2026-08-21,(sem tag),nao,nao,Como reduzir custo de suporte com chatbot sem perder qualidade em 2026?,10,1944,MOFU/BOFU,VIBE CODAR,0,/whatsapp,nao,chatbot-de-ia-para-suporte-pos-venda-como-reduzir-chamados-e-ganhar-escala-sem-perder-a-qualidade,UPDATE,sobreposição de intenção com chatbot-de-ia-para-suporte-pos-venda-como-reduzir-chamados-e-ganhar-escala-sem-perder-a-qualidade; diferenciar ângulo
https://blog.sistemabritto.com.br/inteligencia-artificial-para-pequenos-negocios-como-aplicar-hoje-sem-virar-refem-de-ferramenta/,inteligencia-artificial-para-pequenos-negocios-como-aplicar-hoje-sem-virar-refem-de-ferramenta,Inteligencia artificial para pequenos negocios: como aplicar hoje sem virar refém de ferramenta,published,Felipe Britto,2026-08-21,2026-08-21,(sem tag),nao,nao,Inteligencia artificial para pequenos negocios: como aplicar hoje sem virar refém de ferramenta,10,1694,TOFU,RASTREAR,0,/sistema,nao,,UPDATE,reposicionar para a tese e adicionar prova/links internos
https://blog.sistemabritto.com.br/como-integrar-whatsapp-com-sistema-de-vendas-sem-dor-de-cabeca-em-2026/,como-integrar-whatsapp-com-sistema-de-vendas-sem-dor-de-cabeca-em-2026,Como integrar WhatsApp com sistema de vendas sem dor de cabeça em 2026?,published,Felipe Britto,2026-08-22,2026-08-22,(sem tag),nao,nao,Como integrar WhatsApp com sistema de vendas sem dor de cabeça em 2026?,8,1868,MOFU,FERRAMENTA/TOPO,0,/whatsapp,nao,,UPDATE,reposicionar para a tese e adicionar prova/links internos
https://blog.sistemabritto.com.br/como-medir-resultado-de-chatbot-sem-se-enganar-com-metrica-bonita/,como-medir-resultado-de-chatbot-sem-se-enganar-com-metrica-bonita,Como medir resultado de chatbot sem se enganar com métrica bonita,published,Felipe Britto,2026-08-22,2026-08-22,(sem tag),nao,nao,Como medir resultado de chatbot sem se enganar com métrica bonita,8,1655,MOFU,RASTREAR,0,/whatsapp,nao,,UPDATE,reposicionar para a tese e adicionar prova/links internos
https://blog.sistemabritto.com.br/como-captar-clientes-pelo-whatsapp-de-forma-etica-em-2026-sem-virar-spam-para-seu-publico/,como-captar-clientes-pelo-whatsapp-de-forma-etica-em-2026-sem-virar-spam-para-seu-publico,Como captar clientes pelo WhatsApp de forma ética em 2026 sem virar spam para seu público?,published,Felipe Britto,2026-08-23,2026-08-23,(sem tag),nao,nao,Como captar clientes pelo WhatsApp de forma ética em 2026 sem virar spam para seu público?,12,1794,MOFU,RASTREAR,0,/whatsapp,nao,,UPDATE,reposicionar para a tese e adicionar prova/links internos
https://blog.sistemabritto.com.br/quais-sao-os-erros-comuns-ao-automatizar-atendimento-e-como-evitar-cada-um-na-sua-empresa/,quais-sao-os-erros-comuns-ao-automatizar-atendimento-e-como-evitar-cada-um-na-sua-empresa,Quais são os erros comuns ao automatizar atendimento e como evitar cada um na sua empresa?,published,Felipe Britto,2026-08-23,2026-08-23,(sem tag),nao,nao,Quais são os erros comuns ao automatizar atendimento e como evitar cada um na sua empresa?,11,1812,TOFU,RASTREAR,0,/whatsapp,nao,,UPDATE,reposicionar para a tese e adicionar prova/links internos
https://blog.sistemabritto.com.br/mecanismo-de-vendas-automaticas-ana-neves-como-donos-de-empresa-usam-isso-sem-virar-refem-de-lancamentos/,mecanismo-de-vendas-automaticas-ana-neves-como-donos-de-empresa-usam-isso-sem-virar-refem-de-lancamentos,Mecanismo de vendas automáticas Ana Neves: como donos de empresa usam isso sem virar refém de lançamentos?,published,Felipe Britto,2026-08-24,2026-08-24,(sem tag),nao,nao,Mecanismo de vendas automáticas Ana Neves: como donos de empresa usam isso sem virar refém de lançamentos?,8,1786,TOFU,RASTREAR,0,/sistema,nao,,UPDATE,reposicionar para a tese e adicionar prova/links internos
https://blog.sistemabritto.com.br/como-automatizar-prospeccao-de-clientes-com-ia-sem-perder-o-controle-do-comercial/,como-automatizar-prospeccao-de-clientes-com-ia-sem-perder-o-controle-do-comercial,Como automatizar prospeccao de clientes com IA sem perder o controle do comercial?,published,Felipe Britto,2026-08-24,2026-08-24,(sem tag),nao,nao,Como automatizar prospeccao de clientes com IA sem perder o controle do comercial?,11,1604,MOFU,RASTREAR,0,/sistema,nao,,UPDATE,reposicionar para a tese e adicionar prova/links internos
https://blog.sistemabritto.com.br/como-a-segmentacao-de-leads-com-inteligencia-artificial-muda-a-rotina-comercial-em-2026/,como-a-segmentacao-de-leads-com-inteligencia-artificial-muda-a-rotina-comercial-em-2026,Como a segmentacao de leads com inteligencia artificial muda a rotina comercial em 2026?,published,Felipe Britto,2026-08-25,2026-08-25,(sem tag),nao,nao,Como a segmentacao de leads com inteligencia artificial muda a rotina comercial em 2026?,8,1236,MOFU,VIBE CODAR,0,/sistema,nao,,UPDATE,reposicionar para a tese e adicionar prova/links internos
https://blog.sistemabritto.com.br/como-usar-ia-para-melhorar-taxa-de-conversao-online-sem-mudar-todo-o-seu-site/,como-usar-ia-para-melhorar-taxa-de-conversao-online-sem-mudar-todo-o-seu-site,Como usar ia para melhorar taxa de conversao online sem mudar todo o seu site?,published,Felipe Britto,2026-08-25,2026-08-25,(sem tag),nao,nao,Como usar ia para melhorar taxa de conversao online sem mudar todo o seu site?,8,1177,MOFU,MONETIZAR,0,/sistema,nao,,UPDATE,reposicionar para a tese e adicionar prova/links internos
https://blog.sistemabritto.com.br/relatorio-automatico-de-redes-sociais-ia-realmente-funciona-para-donos-de-empresa/,relatorio-automatico-de-redes-sociais-ia-realmente-funciona-para-donos-de-empresa,Relatorio automatico de redes sociais IA realmente funciona para donos de empresa?,published,Felipe Britto,2026-08-25,2026-08-25,(sem tag),nao,nao,Relatorio automatico de redes sociais IA realmente funciona para donos de empresa?,10,1947,TOFU/MOFU,VIBE CODAR,0,/socialjobs,nao,,UPDATE,reposicionar para a tese e adicionar prova/links internos
https://blog.sistemabritto.com.br/como-integrar-ia-ao-google-workspace-sem-baguncar-seus-fluxos-atuais/,como-integrar-ia-ao-google-workspace-sem-baguncar-seus-fluxos-atuais,Como integrar IA ao Google Workspace sem bagunçar seus fluxos atuais?,published,Felipe Britto,2026-08-26,2026-08-26,(sem tag),nao,nao,Como integrar IA ao Google Workspace sem bagunçar seus fluxos atuais?,10,1970,MOFU,FERRAMENTA/TOPO,0,/sistema,nao,,UPDATE,reposicionar para a tese e adicionar prova/links internos
https://blog.sistemabritto.com.br/como-usar-ia-para-otimizar-meta-ads-sem-gastar-mais-midia/,como-usar-ia-para-otimizar-meta-ads-sem-gastar-mais-midia,Como usar IA para otimizar Meta Ads sem gastar mais mídia?,published,Felipe Britto,2026-08-26,2026-08-26,(sem tag),nao,nao,Como usar IA para otimizar Meta Ads sem gastar mais mídia?,9,2065,MOFU,FERRAMENTA/TOPO,0,/sistema,nao,,UPDATE,reposicionar para a tese e adicionar prova/links internos
https://blog.sistemabritto.com.br/como-preparar-minha-empresa-para-ia-em-2026-sem-travar-sua-operacao/,como-preparar-minha-empresa-para-ia-em-2026-sem-travar-sua-operacao,Como preparar minha empresa para IA em 2026 sem travar sua operação,published,Felipe Britto,2026-08-26,2026-08-26,(sem tag),nao,nao,Como preparar minha empresa para IA em 2026 sem travar sua operação,10,1941,MOFU,RASTREAR,0,/sistema,nao,,UPDATE,reposicionar para a tese e adicionar prova/links internos
https://blog.sistemabritto.com.br/seguranca-de-dados-em-automacao-de-vendas-como-proteger-clientes-sem-travar-o-faturamento/,seguranca-de-dados-em-automacao-de-vendas-como-proteger-clientes-sem-travar-o-faturamento,Segurança de dados em automação de vendas: como proteger clientes sem travar o faturamento?,published,Felipe Britto,2026-08-27,2026-08-27,(sem tag),nao,nao,Segurança de dados em automação de vendas: como proteger clientes sem travar o faturamento?,9,2479,TOFU,RASTREAR,0,/sistema,nao,,UPDATE,reposicionar para a tese e adicionar prova/links internos
https://blog.sistemabritto.com.br/agente-de-ia-whatsapp-como-colocar-um-assistente-real-atendendo-seus-clientes-hoje/,agente-de-ia-whatsapp-como-colocar-um-assistente-real-atendendo-seus-clientes-hoje,Agente de IA WhatsApp: como colocar um assistente real atendendo seus clientes hoje,published,Felipe Britto,2026-08-31,2026-08-31,(sem tag),nao,nao,Agente de IA WhatsApp: como colocar um assistente real atendendo seus clientes hoje,11,2143,TOFU,VIBE CODAR,0,/whatsapp,nao,,UPDATE,reposicionar para a tese e adicionar prova/links internos
https://blog.sistemabritto.com.br/prospeccao-de-vendas-com-ia-ainda-vale-a-pena-em-2026/,prospeccao-de-vendas-com-ia-ainda-vale-a-pena-em-2026,Prospecção de vendas com IA ainda vale a pena em 2026?,published,Felipe Britto,2026-08-31,2026-08-31,(sem tag),nao,nao,Prospecção de vendas com IA ainda vale a pena em 2026?,7,1661,TOFU/MOFU,RASTREAR,0,/sistema,nao,,UPDATE,reposicionar para a tese e adicionar prova/links internos
https://blog.sistemabritto.com.br/quanto-custa-chatbot-de-ia-para-empresa-em-2026-na-pratica/,quanto-custa-chatbot-de-ia-para-empresa-em-2026-na-pratica,"Quanto custa chatbot de IA para empresa em 2026, na prática?",published,Felipe Britto,2026-08-31,2026-08-31,(sem tag),nao,nao,"Quanto custa chatbot de IA para empresa em 2026, na prática?",9,2147,MOFU/BOFU,VIBE CODAR,0,/whatsapp,nao,,UPDATE,reposicionar para a tese e adicionar prova/links internos
https://blog.sistemabritto.com.br/como-estruturar-a-governanca-de-ia-em-atendimento-via-whatsapp-sem-travar-a-operacao/,como-estruturar-a-governanca-de-ia-em-atendimento-via-whatsapp-sem-travar-a-operacao,Como estruturar a governanca de ia em atendimento via whatsapp sem travar a operação?,published,Felipe Britto,2026-09-01,2026-09-01,(sem tag),nao,nao,Como estruturar a governanca de ia em atendimento via whatsapp sem travar a operação?,7,1362,MOFU,RASTREAR,0,/whatsapp,nao,,UPDATE,reposicionar para a tese e adicionar prova/links internos
https://blog.sistemabritto.com.br/ia-para-marketing-digital-em-pequenos-negocios-o-que-automatizar-primeiro-para-parar-de-perder-tempo/,ia-para-marketing-digital-em-pequenos-negocios-o-que-automatizar-primeiro-para-parar-de-perder-tempo,IA para marketing digital em pequenos negócios: o que automatizar primeiro para parar de perder tempo?,published,Felipe Britto,2026-09-01,2026-09-01,(sem tag),nao,nao,IA para marketing digital em pequenos negócios: o que automatizar primeiro para parar de perder tempo?,6,888,TOFU,RASTREAR,0,/sistema,nao,,UPDATE,reposicionar para a tese e adicionar prova/links internos
(não publicado),como-pequena-empresa-aproveita-boom-da-ia-sem-virar-refem-de-modinha,Como pequena empresa aproveita boom da IA sem virar refém de modinha?,draft,Felipe Britto,,2026-09-02,(sem tag),nao,nao,Como pequena empresa aproveita boom da IA sem virar refém de modinha?,9,1681,MOFU,RASTREAR,0,/sistema,nao,,DRAFT-REVIEW,rascunho parado; decidir publicar reposicionado ou descartar
(não publicado),como-aumentar-produtividade-usando-ia-na-empresa-sem-virar-refem-de-ferramenta,Como aumentar produtividade usando IA na empresa sem virar refém de ferramenta?,draft,Felipe Britto,,2026-09-02,(sem tag),nao,nao,Como aumentar produtividade usando IA na empresa sem virar refém de ferramenta?,11,1774,MOFU,RASTREAR,0,/sistema,nao,,DRAFT-REVIEW,rascunho parado; decidir publicar reposicionado ou descartar
(não publicado),chatbot-de-ia-para-suporte-pos-venda-como-reduzir-chamados-e-ganhar-escala-sem-perder-a-qualidade,Chatbot de IA para suporte pós-venda: como reduzir chamados e ganhar escala sem perder a qualidade?,draft,Felipe Britto,,2026-09-01,(sem tag),nao,nao,Chatbot de IA para suporte pós-venda: como reduzir chamados e ganhar escala sem perder a qualidade?,8,1792,MOFU/BOFU,VIBE CODAR,0,/whatsapp,nao,como-reduzir-custo-de-suporte-com-chatbot-sem-perder-qualidade-em-2026,DRAFT-REVIEW,rascunho parado; decidir publicar reposicionado ou descartar
(não publicado),como-criar-um-link-curto-whatsapp-business-para-vender-mais-rapido-no-contato-inicial,Como criar um link curto WhatsApp Business para vender mais rápido no contato inicial?,draft,Felipe Britto,,2026-08-24,(sem tag),nao,nao,Como criar um link curto WhatsApp Business para vender mais rápido no contato inicial?,8,1125,MOFU,FERRAMENTA/TOPO,0,/whatsapp,nao,,DRAFT-REVIEW,rascunho parado; decidir publicar reposicionado ou descartar
(não publicado),como-reduzir-abandono-de-carrinho-pelo-whatsapp-sem-depender-de-desconto-o-tempo-todo,Como reduzir abandono de carrinho pelo WhatsApp sem depender de desconto o tempo todo?,draft,Felipe Britto,,2026-08-22,(sem tag),nao,nao,Como reduzir abandono de carrinho pelo WhatsApp sem depender de desconto o tempo todo?,10,1956,MOFU,RASTREAR,0,/whatsapp,nao,,DRAFT-REVIEW,rascunho parado; decidir publicar reposicionado ou descartar
(não publicado),como-automatizar-follow-up-de-propostas-sem-perder-controle-nem-queimar-relacionamento,Como automatizar follow up de propostas sem perder controle nem queimar relacionamento?,draft,Felipe Britto,,2026-08-21,(sem tag),nao,nao,Como automatizar follow up de propostas sem perder controle nem queimar relacionamento?,9,2178,MOFU,RASTREAR,0,/socialjobs,nao,,DRAFT-REVIEW,rascunho parado; decidir publicar reposicionado ou descartar
(não publicado),chatbot-whatsapp-para-pequenas-empresas-realmente-funciona-para-vender-mais-em-2026,Chatbot WhatsApp para pequenas empresas realmente funciona para vender mais em 2026?,draft,Felipe Britto,,2026-08-19,(sem tag),nao,nao,Chatbot WhatsApp para pequenas empresas realmente funciona para vender mais em 2026?,10,2127,TOFU/MOFU,VIBE CODAR,0,/whatsapp,nao,,DRAFT-REVIEW,rascunho parado; decidir publicar reposicionado ou descartar
(não publicado),funil-de-vendas-marketing-digital-como-usar-ia-para-fechar-mais-sem-aumentar-a-equipe,Funil de vendas marketing digital: como usar IA para fechar mais sem aumentar a equipe?,draft,Felipe Britto,,2026-08-17,(sem tag),nao,nao,Funil de vendas marketing digital: como usar IA para fechar mais sem aumentar a equipe?,10,2088,TOFU,VIBE CODAR,0,/sistema,nao,funil-de-vendas-marketing-digital-como-usar-ia-para-vender-mais-em-2026-sem-aumentar-midia,DRAFT-REVIEW,rascunho parado; decidir publicar reposicionado ou descartar
(não publicado),whatsapp-business-web-login-como-entrar-usar-bem-e-nao-perder-conversa-importante-em-2026,"Whatsapp Business Web Login: como entrar, usar bem e não perder conversa importante em 2026?",draft,Felipe Britto,,2026-08-17,(sem tag),nao,nao,"Whatsapp Business Web Login: como entrar, usar bem e não perder conversa importante em 2026?",11,1871,TOFU,FERRAMENTA/TOPO,0,/whatsapp,nao,whatsapp-business-web-login-como-entrar-no-whatsapp-web-sem-travar-a-operacao-da-sua-empresa,DRAFT-REVIEW,rascunho parado; decidir publicar reposicionado ou descartar
(não publicado),whatsapp-business-web-login-como-entrar-no-whatsapp-web-sem-travar-a-operacao-da-sua-empresa,whatsapp business web login: como entrar no WhatsApp Web sem travar a operação da sua empresa?,draft,Felipe Britto,,2026-08-17,(sem tag),nao,nao,whatsapp business web login: como entrar no WhatsApp Web sem travar a operação da sua empresa?,6,884,TOFU,FERRAMENTA/TOPO,0,/whatsapp,nao,whatsapp-business-web-login-como-entrar-usar-bem-e-nao-perder-conversa-importante-em-2026,DRAFT-REVIEW,rascunho parado; decidir publicar reposicionado ou descartar
(não publicado),como-usar-ia-sem-equipe-tecnica-e-ainda-ter-resultado-concreto-em-2026,Como usar IA sem equipe técnica e ainda ter resultado concreto em 2026?,draft,Felipe Britto,,2026-08-16,(sem tag),nao,nao,Como usar IA sem equipe técnica e ainda ter resultado concreto em 2026?,8,1700,MOFU,RASTREAR,0,/sistema,nao,,DRAFT-REVIEW,rascunho parado; decidir publicar reposicionado ou descartar
(não publicado),como-um-chatbot-que-atende-24-horas-pode-reduzir-atrito-no-atendimento-da-sua-empresa,Como um chatbot que atende 24 horas pode reduzir atrito no atendimento da sua empresa?,draft,Felipe Britto,,2026-08-10,(sem tag),nao,nao,Como um chatbot que atende 24 horas pode reduzir atrito no atendimento da sua empresa?,10,1003,MOFU,VIBE CODAR,0,/whatsapp,nao,,DRAFT-REVIEW,rascunho parado; decidir publicar reposicionado ou descartar
(não publicado),whatsapp-api-send-message-como-enviar-mensagens-em-escala-sem-travar-sua-operacao-em-2026,Whatsapp API send message: como enviar mensagens em escala sem travar sua operação em 2026?,draft,Felipe Britto,,2026-08-10,(sem tag),nao,nao,Whatsapp API send message: como enviar mensagens em escala sem travar sua operação em 2026?,11,1844,TOFU,VIBE CODAR,0,/whatsapp,nao,,DRAFT-REVIEW,rascunho parado; decidir publicar reposicionado ou descartar
(não publicado),lista-de-transmissao-whatsapp-business-ainda-funciona-em-2026-ou-e-perda-de-tempo,Lista de transmissão WhatsApp Business ainda funciona em 2026 ou é perda de tempo?,draft,Felipe Britto,,2026-08-05,(sem tag),nao,nao,Lista de transmissão WhatsApp Business ainda funciona em 2026 ou é perda de tempo?,11,1773,TOFU,FERRAMENTA/TOPO,0,/whatsapp,nao,,DRAFT-REVIEW,rascunho parado; decidir publicar reposicionado ou descartar
(não publicado),plataforma-de-whatsapp-como-escolher-a-certa-para-atendimento-e-vendas-com-ia-na-sua-empresa,Plataforma de WhatsApp: como escolher a certa para atendimento e vendas com IA na sua empresa?,draft,Felipe Britto,,2026-08-05,(sem tag),nao,nao,Plataforma de WhatsApp: como escolher a certa para atendimento e vendas com IA na sua empresa?,6,1647,MOFU/BOFU,RASTREAR,0,/whatsapp,nao,,DRAFT-REVIEW,rascunho parado; decidir publicar reposicionado ou descartar
(não publicado),como-montar-um-funil-de-vendas-para-trafego-pago-que-realmente-converte-em-2026,Como montar um funil de vendas para tráfego pago que realmente converte em 2026?,draft,Felipe Britto,,2026-07-30,(sem tag),nao,nao,Como montar um funil de vendas para tráfego pago que realmente converte em 2026?,10,805,TOFU/MOFU,RASTREAR,0,/sistema,nao,,DRAFT-REVIEW,rascunho parado; decidir publicar reposicionado ou descartar
